W_L_1010000;https://en.wikipedia.org/wiki/Mata_Hari;;;;;;;;;;;;;x

W_L_1011000;https://en.wikipedia.org/wiki/James_Bond;;;;;;;;;;;;;x
W_L_1011001;https://en.wikipedia.org/wiki/Ian_Fleming;;;;;;;;;;;;;x

W_L_1012000;https://en.wikipedia.org/wiki/Spock;;;;;;;;;;;;;x
W_L_1012001;https://en.wikipedia.org/wiki/Leonard_Nimoy;;;;;;;;;;;;;x

W_L_1013000;https://en.wikipedia.org/wiki/Joan_of_Arc;;;;;;;;;;;;;x
W_L_1013003;https://en.wikipedia.org/wiki/Pierre_Cauchon;;;;;;;;;;;;;x

W_L_1014000;https://en.wikipedia.org/wiki/Ulysses_S._Grant;;;;;;;;;;;;;x
W_L_1014001;https://en.wikipedia.org/wiki/Jesse_Root_Grant;;;;;;;;;;;;;x
W_L_1014002;https://en.wikipedia.org/wiki/Hannah_Simpson_Grant;;;;;;;;;;;;;x

W_L_1015000;https://en.wikipedia.org/wiki/Edmund_Blackadder;;;;;;;;;;;;;x
W_L_1015001;https://en.wikipedia.org/wiki/Rowan_Atkinson;;;;;;;;;;;;;x

W_L_1016000;https://en.wikipedia.org/wiki/Bob_Ross;;;;;;;;;;;;;x

W_L_1017000;https://en.wikipedia.org/wiki/William_the_Silent;;;;;;;;;;;;;x
W_L_1017001;https://en.wikipedia.org/wiki/William_I,_Count_of_Nassau-Siegen;;;;;;;;;;;;;x
W_L_1017002;https://en.wikipedia.org/wiki/Juliana_of_Stolberg;;;;;;;;;;;;;x
